{
  "beta_leaf": 0.24886039286498873,
  "beta_wood": 0.5913979317485755,
  "T_0": 3.54247640497441,
  "E": 8.48381128322541,
  "KM": 59.42993493555687,
  "r_C_leaf_litter_rh": 0.001634613493095259,
  "r_C_wood_litter_rh": 0.004448892160132912,
  "r_C_root_litter_rh": 0.0009727400531757083,
  "r_C_soil_fast_rh": 0.004650370964246331,
  "r_C_soil_slow_rh": 0.0012370499114233552,
  "r_C_soil_passive_rh": 0.0006831409963521289,
  "r_C_leaf_2_C_leaf_litter": 0.03337934397425685,
  "r_C_wood_2_C_wood_litter": 0.0039228240110848875,
  "r_C_root_2_C_root_litter": 0.003922731994464558,
  "r_C_leaf_litter_2_C_soil_fast": 0.02166677231389186,
  "r_C_leaf_litter_2_C_soil_slow": 0.00201319020967636,
  "r_C_leaf_litter_2_C_soil_passive": 7.17194627968019e-05,
  "r_C_wood_litter_2_C_soil_fast": 0.0065747983785837925,
  "r_C_wood_litter_2_C_soil_slow": 0.002281238146206625,
  "r_C_wood_litter_2_C_soil_passive": 0.0017496564544171075,
  "r_C_root_litter_2_C_soil_fast": 0.00312005523978742,
  "r_C_root_litter_2_C_soil_slow": 0.002111740496369226,
  "r_C_root_litter_2_C_soil_passive": 0.0008952943873521376
}