{
  "C_leaf": 2.4573007578808053,
  "C_wood": 1.077790639003557,
  "C_root": 0.5752299864795356,
  "C_leaf_litter": 0.1528592144202135,
  "C_wood_litter": 0.012904489777684297,
  "C_root_litter": 0.34229143392209327,
  "C_soil_fast": 3.1699123848143174,
  "C_soil_slow": 2.532016207670055,
  "C_soil_passive": 4.757668851702584
}