{
  "C_leaf": 2.159709904677415,
  "C_wood": 0.9472650471292009,
  "C_root": 0.5055668889056557,
  "C_leaf_litter": 0.1366517690212362,
  "C_wood_litter": 0.011536245054807964,
  "C_root_litter": 0.3059987593399821,
  "C_soil_fast": 2.8447204322221875,
  "C_soil_slow": 2.272264140543008,
  "C_soil_passive": 4.269593650923005
}