{
  "beta_leaf": 0,
  "beta_wood": 0,
  "T_0": -10,
  "E": 1,
  "KM": 1,
  "r_C_leaf_litter_rh": 4.151100041511e-06,
  "r_C_wood_litter_rh": 1.2453300124533e-06,
  "r_C_root_litter_rh": 1.22042341220423e-06,
  "r_C_soil_fast_rh": 1.5220700152207e-06,
  "r_C_soil_slow_rh": 3.73972602739726e-07,
  "r_C_soil_passive_rh": 8.827788649706461e-08,
  "r_C_leaf_2_C_leaf_litter": 8.33333333333333e-05,
  "r_C_wood_2_C_wood_litter": 9.1324200913242e-07,
  "r_C_root_2_C_root_litter": 1.2453300124533e-06,
  "r_C_leaf_litter_2_C_soil_fast": 3.40390203403902e-06,
  "r_C_leaf_litter_2_C_soil_slow": 5.8115400581154e-07,
  "r_C_leaf_litter_2_C_soil_passive": 1.6604400166044e-07,
  "r_C_wood_litter_2_C_soil_fast": 7.4719800747198e-07,
  "r_C_wood_litter_2_C_soil_slow": 2.98879202988792e-07,
  "r_C_wood_litter_2_C_soil_passive": 1.9925280199252802e-07,
  "r_C_root_litter_2_C_soil_fast": 7.4719800747198e-07,
  "r_C_root_litter_2_C_soil_slow": 3.48692403486924e-07,
  "r_C_root_litter_2_C_soil_passive": 1.74346201743462e-07,
  "C_leaf_0": 0,
  "C_wood_0": 0,
  "C_leaf_litter_0": 0,
  "C_wood_litter_0": 0,
  "C_soil_fast_0": 0,
  "C_soil_slow_0": 0
}