{
  "beta_leaf": 0.6102169482865195,
  "beta_wood": 0.26331553815787545,
  "T_0": 1.9560345980471245,
  "E": 6.951145421284498,
  "KM": 12.73895376887386,
  "r_C_leaf_litter_rh": 0.0012830039575098323,
  "r_C_wood_litter_rh": 0.0010536416454437036,
  "r_C_root_litter_rh": 0.00022271755326847413,
  "r_C_soil_fast_rh": 0.00013707839288781872,
  "r_C_soil_slow_rh": 3.228645064482276e-05,
  "r_C_soil_passive_rh": 3.8079656062059605e-06,
  "r_C_leaf_2_C_leaf_litter": 0.011755309034589333,
  "r_C_wood_2_C_wood_litter": 0.00012990716959685548,
  "r_C_root_2_C_root_litter": 8.243205281709114e-05,
  "r_C_leaf_litter_2_C_soil_fast": 0.0014521759026031634,
  "r_C_leaf_litter_2_C_soil_slow": 0.000200225210999593,
  "r_C_leaf_litter_2_C_soil_passive": 8.380707345301035e-05,
  "r_C_wood_litter_2_C_soil_fast": 3.19128931685429e-05,
  "r_C_wood_litter_2_C_soil_slow": 7.278721749448471e-05,
  "r_C_wood_litter_2_C_soil_passive": 3.275165103336979e-06,
  "r_C_root_litter_2_C_soil_fast": 0.00044055481426693227,
  "r_C_root_litter_2_C_soil_slow": 3.1019188662910444e-05,
  "r_C_root_litter_2_C_soil_passive": 0.00012243099600679218,
  "C_leaf_0": 0.042596582017273114,
  "C_wood_0": 2.4493874052342517,
  "C_leaf_litter_0": 0.16251047110808622,
  "C_wood_litter_0": 0.17601405444541945,
  "C_soil_fast_0": 1.8746682268250323,
  "C_soil_slow_0": 1.9807766341505468
}