{
  "beta_leaf": 0.99,
  "beta_wood": 0.99,
  "T_0": 5,
  "E": 15,
  "KM": 100,
  "r_C_leaf_litter_rh": 0.04151100041511,
  "r_C_wood_litter_rh": 0.012453300124533,
  "r_C_root_litter_rh": 0.012204234122042301,
  "r_C_soil_fast_rh": 0.015220700152207,
  "r_C_soil_slow_rh": 0.0037397260273972603,
  "r_C_soil_passive_rh": 0.0008827788649706461,
  "r_C_leaf_2_C_leaf_litter": 0.8333333333333329,
  "r_C_wood_2_C_wood_litter": 0.0091324200913242,
  "r_C_root_2_C_root_litter": 0.012453300124533,
  "r_C_leaf_litter_2_C_soil_fast": 0.0340390203403902,
  "r_C_leaf_litter_2_C_soil_slow": 0.0058115400581154,
  "r_C_leaf_litter_2_C_soil_passive": 0.0016604400166044002,
  "r_C_wood_litter_2_C_soil_fast": 0.0074719800747198,
  "r_C_wood_litter_2_C_soil_slow": 0.00298879202988792,
  "r_C_wood_litter_2_C_soil_passive": 0.00199252801992528,
  "r_C_root_litter_2_C_soil_fast": 0.0074719800747198,
  "r_C_root_litter_2_C_soil_slow": 0.00348692403486924,
  "r_C_root_litter_2_C_soil_passive": 0.00174346201743462
}
