{
  "cLitter_0": 0.45418677341602626,
  "cSoil_0": 9.3865782236882,
  "cVeg_0": 3.6125418407122716,
  "npp_0": 0.0007035185090574954,
  "rh_0": 0.0008035813240658104
}
