{
  "beta_leaf": 0,
  "beta_wood": 0,
  "T_0": 1.0,
  "E": 3.25,
  "KM": 5.0,
  "r_C_leaf_litter_rh": 0.00020755500207555,
  "r_C_wood_litter_rh": 6.2266500622665e-05,
  "r_C_root_litter_rh": 6.10211706102115e-05,
  "r_C_soil_fast_rh": 7.6103500761035e-05,
  "r_C_soil_slow_rh": 1.86986301369863e-05,
  "r_C_soil_passive_rh": 4.41389432485323e-06,
  "r_C_leaf_2_C_leaf_litter": 0.004166666666666665,
  "r_C_wood_2_C_wood_litter": 4.5662100456621e-05,
  "r_C_root_2_C_root_litter": 6.2266500622665e-05,
  "r_C_leaf_litter_2_C_soil_fast": 0.000170195101701951,
  "r_C_leaf_litter_2_C_soil_slow": 2.9057700290577e-05,
  "r_C_leaf_litter_2_C_soil_passive": 8.302200083022e-06,
  "r_C_wood_litter_2_C_soil_fast": 3.7359900373599e-05,
  "r_C_wood_litter_2_C_soil_slow": 1.49439601494396e-05,
  "r_C_wood_litter_2_C_soil_passive": 9.9626400996264e-06,
  "r_C_root_litter_2_C_soil_fast": 3.7359900373599e-05,
  "r_C_root_litter_2_C_soil_slow": 1.74346201743462e-05,
  "r_C_root_litter_2_C_soil_passive": 8.7173100871731e-06
}
