{
  "beta_leaf": 1,
  "beta_wood": 1,
  "T_0": 3.0,
  "E": 9.75,
  "KM": 15.0,
  "r_C_leaf_litter_rh": 0.00062266500622665,
  "r_C_wood_litter_rh": 0.000186799501867995,
  "r_C_root_litter_rh": 0.0001830635118306345,
  "r_C_soil_fast_rh": 0.000228310502283105,
  "r_C_soil_slow_rh": 5.6095890410958904e-05,
  "r_C_soil_passive_rh": 1.324168297455969e-05,
  "r_C_leaf_2_C_leaf_litter": 0.012499999999999994,
  "r_C_wood_2_C_wood_litter": 0.000136986301369863,
  "r_C_root_2_C_root_litter": 0.000186799501867995,
  "r_C_leaf_litter_2_C_soil_fast": 0.0005105853051058529,
  "r_C_leaf_litter_2_C_soil_slow": 8.7173100871731e-05,
  "r_C_leaf_litter_2_C_soil_passive": 2.4906600249066003e-05,
  "r_C_wood_litter_2_C_soil_fast": 0.00011207970112079701,
  "r_C_wood_litter_2_C_soil_slow": 4.48318804483188e-05,
  "r_C_wood_litter_2_C_soil_passive": 2.98879202988792e-05,
  "r_C_root_litter_2_C_soil_fast": 0.00011207970112079701,
  "r_C_root_litter_2_C_soil_slow": 5.23038605230386e-05,
  "r_C_root_litter_2_C_soil_passive": 2.61519302615193e-05
}
