{
  "beta_leaf": 0.3965400398775798,
  "beta_root": 0.04797427115999001,
  "r_c_leaf_2_c_lit_met": 0.000393667424681984,
  "r_c_leaf_2_c_lit_str": 0.00029205115776080343,
  "r_c_root_2_c_soil_met": 0.0006371382313480553,
  "r_c_root_2_c_soil_str": 0.00022311828397289624,
  "r_c_wood_2_c_lit_cwd": 9.000719047608969e-05,
  "r_c_lit_cwd_rh": 0.006476615698491062,
  "r_c_lit_met_rh": 0.026969825993172845,
  "r_c_lit_str_rh": 0.0035085479494364326,
  "r_c_lit_mic_rh": 0.00491773558054493,
  "r_c_soil_met_rh": 0.0002630650121726478,
  "r_c_soil_str_rh": 8.35148960561285e-05,
  "r_c_soil_mic_rh": 0.0006282134663935235,
  "r_c_soil_slow_rh": 1.4650233667745703e-05,
  "r_c_soil_passive_rh": 4.81218569804264e-07,
  "r_c_lit_cwd_2_c_lit_mic": 6.407287171070185e-06,
  "r_c_lit_cwd_2_c_soil_slow": 1.1070152210625367e-05,
  "r_c_lit_met_2_c_lit_mic": 2.382528099039474e-06,
  "r_c_lit_str_2_c_lit_mic": 7.422145622708774e-05,
  "r_c_lit_str_2_c_soil_slow": 0.0004469298721546963,
  "r_c_lit_mic_2_c_soil_slow": 0.0003649148660119609,
  "r_c_soil_met_2_c_soil_mic": 2.6884035570050268e-05,
  "r_c_soil_str_2_c_soil_mic": 2.0347751796415876e-05,
  "r_c_soil_str_2_c_soil_slow": 1.1493978784475941e-06,
  "r_c_soil_mic_2_c_soil_slow": 9.811677103998503e-05,
  "r_c_soil_mic_2_c_soil_passive": 1.7764006339286658e-05,
  "r_c_soil_slow_2_c_soil_mic": 8.428236101694338e-07,
  "r_c_soil_slow_2_c_soil_passive": 5.045977835410498e-07,
  "r_c_soil_passive_2_c_soil_mic": 1.0480343254349485e-06,
  "c_leaf_0": 0.004400964307460286,
  "c_root_0": 0.0066784844429048805,
  "c_lit_cwd_0": 0.001069874406303686,
  "c_lit_met_0": 0.0006272469710387509,
  "c_lit_str_0": 0.0010289111101890699,
  "c_lit_mic_0": 0.001027873978180606,
  "c_soil_met_0": 0.0032011412557191882,
  "c_soil_str_0": 0.006667514376729721,
  "c_soil_mic_0": 0.0017458648503572722,
  "c_soil_slow_0": 0.011416674862662827
}
