{
  "beta_leaf": 1.1896201196327394,
  "beta_root": 0.14392281347997005,
  "r_c_leaf_2_c_lit_met": 0.0011810022740459522,
  "r_c_leaf_2_c_lit_str": 0.0008761534732824103,
  "r_c_root_2_c_soil_met": 0.0019114146940441658,
  "r_c_root_2_c_soil_str": 0.0006693548519186887,
  "r_c_wood_2_c_lit_cwd": 0.0002700215714282691,
  "r_c_lit_cwd_rh": 0.019429847095473185,
  "r_c_lit_met_rh": 0.08090947797951853,
  "r_c_lit_str_rh": 0.010525643848309297,
  "r_c_lit_mic_rh": 0.01475320674163479,
  "r_c_soil_met_rh": 0.0007891950365179434,
  "r_c_soil_str_rh": 0.00025054468816838545,
  "r_c_soil_mic_rh": 0.0018846403991805705,
  "r_c_soil_slow_rh": 4.3950701003237104e-05,
  "r_c_soil_passive_rh": 1.443655709412792e-06,
  "r_c_lit_cwd_2_c_lit_mic": 1.9221861513210554e-05,
  "r_c_lit_cwd_2_c_soil_slow": 3.32104566318761e-05,
  "r_c_lit_met_2_c_lit_mic": 7.147584297118421e-06,
  "r_c_lit_str_2_c_lit_mic": 0.00022266436868126322,
  "r_c_lit_str_2_c_soil_slow": 0.001340789616464089,
  "r_c_lit_mic_2_c_soil_slow": 0.0010947445980358827,
  "r_c_soil_met_2_c_soil_mic": 8.06521067101508e-05,
  "r_c_soil_str_2_c_soil_mic": 6.104325538924762e-05,
  "r_c_soil_str_2_c_soil_slow": 3.4481936353427826e-06,
  "r_c_soil_mic_2_c_soil_slow": 0.00029435031311995507,
  "r_c_soil_mic_2_c_soil_passive": 5.329201901785998e-05,
  "r_c_soil_slow_2_c_soil_mic": 2.5284708305083014e-06,
  "r_c_soil_slow_2_c_soil_passive": 1.5137933506231495e-06,
  "r_c_soil_passive_2_c_soil_mic": 3.1441029763048454e-06,
  "c_leaf_0": 3.2210755874206605,
  "c_root_0": 3.2210755874206605,
  "c_lit_cwd_0": 7.782508463791748,
  "c_lit_met_0": 7.782508463791748,
  "c_lit_str_0": 7.782508463791748,
  "c_lit_mic_0": 7.782508463791748,
  "c_soil_met_0": 7.782508463791748,
  "c_soil_str_0": 7.782508463791748,
  "c_soil_mic_0": 7.782508463791748,
  "c_soil_slow_0": 7.782508463791748
}
