{
  "beta_leaf": 0.35,
  "beta_wood": 0.3,
  "r_c_DPM_rh": 0.0218855218855219,
  "r_c_RPM_rh": 0.000866666666666667,
  "r_c_BIO_rh": 0.0017484126984127,
  "r_c_HUM_rh": 5.87450980392157e-05,
  "r_c_leaf_2_c_DPM": 0.000152777777777778,
  "r_c_leaf_2_c_RPM": 0.000541666666666667,
  "r_c_wood_2_c_DPM": 2.00364298724954e-05,
  "r_c_wood_2_c_RPM": 7.10382513661202e-05,
  "r_c_root_2_c_DPM": 0.000152777777777778,
  "r_c_root_2_c_RPM": 0.000541666666666667,
  "r_c_DPM_2_c_BIO": 0.00283950617283951,
  "r_c_DPM_2_c_HUM": 0.00333333333333333,
  "r_c_RPM_2_c_BIO": 0.000112444444444444,
  "r_c_RPM_2_c_HUM": 0.000132,
  "r_c_BIO_2_c_HUM": 0.000235714285714286,
  "r_c_HUM_2_c_BIO": 6.61437908496732e-06
}
