{
  "Mw": 0.10082051995646306,
  "Ms": 527.0231173651072,
  "Topt": 18.438922997682017,
  "Tcons": 47.84980827189405
}