{
  "c_leaf": 0.719954217155414,
  "c_wood": 4.559710041984289,
  "c_root": 0.719954217155414,
  "c_DPM": 0.037378236438818796,
  "c_RPM": 3.7079210547308246,
  "c_BIO": 0.32892848066160535,
  "c_HUM": 10.87706680369627
}