beta_leaf,beta_wood,r_C_leaf2abvstrlit,r_C_abvmetlit2surface_microbe,r_C_abvstrlit2slowsom,r_C_abvstrlit2surface_microbe,r_C_belowmetlit2soil_microbe,r_C_belowstrlit2slowsom,r_C_belowstrlit2soil_microbe,r_C_leaf2abvmetlit,r_C_passsom2soil_microbe,r_C_root2belowmetlit,r_C_root2belowstrlit,r_C_slowsom2passsom,r_C_slowsom2soil_microbe,r_C_soil_microbe2passsom,r_C_soil_microbe2slowsom,r_C_surface_microbe2slowsom,r_C_wood2abvmetlit,r_C_wood2abvstrlit,r_C_abvstrlit_rh,r_C_abvmetlit_rh,r_C_belowstrlit_rh,r_C_belowmetlit_rh,r_C_surface_microbe_rh,r_C_slowsom_rh,r_C_passsom_rh,r_C_soil_microbe_rh,C_leaf_0,C_abvstrlit_0,C_abvmetlit_0,C_blwstrlit_0,C_surfacemic_0,C_soilmic_0,C_slow_0
0.052834541118126355,0.43665024187950574,0.003211265304066797,0.003584585050617692,0.005170617675100075,0.006106565539518243,0.011086993982135248,0.0941943706241184,0.6226020640600152,0.019874035027757114,0.16902144445438716,0.004016157706561491,0.003214471663872951,0.001485697551196312,0.003787784844506767,0.0009492270718516778,0.0025424828443580197,0.0058889935937378925,0.009492377747507523,0.0025828575405109225,0.022794816576935332,0.17716018015047938,0.012843670142137978,0.11081588848070933,0.00034047208331357444,0.006727677910134313,0.0009485011076763527,0.046390889537862356,0.6882246615825767,0.3568014726353899,0.13215885072241368,0.5378108473811487,5.0341390172482505,2.2665568271596856,2.3522759176513777
0.17813256829776714,0.03635002667249854,0.009776298521837368,0.0014736791139153024,0.0018572318709923546,0.005838710839094994,0.06286153264080167,0.33685751891634824,0.4708212474060041,0.012085362266394518,0.38977851255097523,0.0032072583857007753,0.00044535720969720487,0.003253062525214831,0.0003553498140726986,0.005796758155815786,0.0009376687595900502,0.0052522056289359235,0.007903503202089728,0.0018603311690270697,0.03387754693711262,0.11717197648518281,7.301932671776624e-05,0.23115400370146139,0.00021300548265100027,0.0032278923341417004,0.0013650136260800697,0.05990272438327604,0.18137454254562735,0.30701111609082465,0.12245515613727942,0.09557857829240152,0.5639159236449203,4.511830269351355,0.678164145029513
