{
  "beta_leaf": 0.6,
  "beta_wood": 0.25,
  "T_0": 2,
  "E": 6.5,
  "KM": 10,
  "r_C_leaf_litter_rh": 0.0004151100041511,
  "r_C_wood_litter_rh": 0.00012453300124533,
  "r_C_root_litter_rh": 0.000122042341220423,
  "r_C_soil_fast_rh": 0.00015220700152207,
  "r_C_soil_slow_rh": 3.73972602739726e-05,
  "r_C_soil_passive_rh": 8.82778864970646e-06,
  "r_C_leaf_2_C_leaf_litter": 0.00833333333333333,
  "r_C_wood_2_C_wood_litter": 9.1324200913242e-05,
  "r_C_root_2_C_root_litter": 0.00012453300124533,
  "r_C_leaf_litter_2_C_soil_fast": 0.000340390203403902,
  "r_C_leaf_litter_2_C_soil_slow": 5.8115400581154e-05,
  "r_C_leaf_litter_2_C_soil_passive": 1.6604400166044e-05,
  "r_C_wood_litter_2_C_soil_fast": 7.4719800747198e-05,
  "r_C_wood_litter_2_C_soil_slow": 2.98879202988792e-05,
  "r_C_wood_litter_2_C_soil_passive": 1.99252801992528e-05,
  "r_C_root_litter_2_C_soil_fast": 7.4719800747198e-05,
  "r_C_root_litter_2_C_soil_slow": 3.48692403486924e-05,
  "r_C_root_litter_2_C_soil_passive": 1.74346201743462e-05,
  "C_leaf_0": 0.051828761170322826,
  "C_wood_0": 1.970572690329994,
  "C_leaf_litter_0": 0.1202311902470766,
  "C_wood_litter_0": 0.2225433197876749,
  "C_soil_fast_0": 1.7309510511856925,
  "C_soil_slow_0": 2.4435101360092473
}
