{
  "beta_leaf": 0.7930800797551596,
  "beta_root": 0.09594854231998003,
  "r_c_leaf_2_c_lit_met": 0.000787334849363968,
  "r_c_leaf_2_c_lit_str": 0.0005841023155216069,
  "r_c_root_2_c_soil_met": 0.0012742764626961106,
  "r_c_root_2_c_soil_str": 0.0004462365679457925,
  "r_c_wood_2_c_lit_cwd": 0.00018001438095217938,
  "r_c_lit_cwd_rh": 0.012953231396982123,
  "r_c_lit_met_rh": 0.05393965198634569,
  "r_c_lit_str_rh": 0.007017095898872865,
  "r_c_lit_mic_rh": 0.00983547116108986,
  "r_c_soil_met_rh": 0.0005261300243452956,
  "r_c_soil_str_rh": 0.000167029792112257,
  "r_c_soil_mic_rh": 0.001256426932787047,
  "r_c_soil_slow_rh": 2.9300467335491405e-05,
  "r_c_soil_passive_rh": 9.62437139608528e-07,
  "r_c_lit_cwd_2_c_lit_mic": 1.281457434214037e-05,
  "r_c_lit_cwd_2_c_soil_slow": 2.2140304421250735e-05,
  "r_c_lit_met_2_c_lit_mic": 4.765056198078948e-06,
  "r_c_lit_str_2_c_lit_mic": 0.0001484429124541755,
  "r_c_lit_str_2_c_soil_slow": 0.0008938597443093927,
  "r_c_lit_mic_2_c_soil_slow": 0.0007298297320239218,
  "r_c_soil_met_2_c_soil_mic": 5.3768071140100535e-05,
  "r_c_soil_str_2_c_soil_mic": 4.069550359283175e-05,
  "r_c_soil_str_2_c_soil_slow": 2.2987957568951882e-06,
  "r_c_soil_mic_2_c_soil_slow": 0.00019623354207997005,
  "r_c_soil_mic_2_c_soil_passive": 3.5528012678573316e-05,
  "r_c_soil_slow_2_c_soil_mic": 1.6856472203388676e-06,
  "r_c_soil_slow_2_c_soil_passive": 1.0091955670820996e-06,
  "r_c_soil_passive_2_c_soil_mic": 2.096068650869897e-06
}