{
  "c_leaf": 0.44009643074602856,
  "c_root": 0.6678484442904881,
  "c_wood": 2.1131307123841436,
  "c_lit_cwd": 0.1069874406303686,
  "c_lit_met": 0.06272469710387509,
  "c_lit_str": 0.102891111018907,
  "c_lit_mic": 0.10278739781806061,
  "c_soil_met": 0.3201141255719188,
  "c_soil_str": 0.6667514376729721,
  "c_soil_mic": 0.1745864850357272,
  "c_soil_slow": 1.1416674862662826,
  "c_soil_passive": 5.103998282673636
}