{"beta_leaf": 0.75, "beta_wood": 0.6000000000000001, "r_C_leaf2abvstrlit": 0.0003824999999999999, "r_C_abvmetlit2surface_microbe": 7.500000000000001e-05, "r_C_abvstrlit2slowsom": 8.1e-05, "r_C_abvstrlit2surface_microbe": 0.00015000000000000001, "r_C_belowmetlit2soil_microbe": 0.0015, "r_C_belowstrlit2slowsom": 0.0054, "r_C_belowstrlit2soil_microbe": 0.026999999999999996, "r_C_leaf2abvmetlit": 0.0003824999999999999, "r_C_passsom2soil_microbe": 0.0075, "r_C_root2belowmetlit": 0.00010735499999999999, "r_C_root2belowstrlit": 0.00010104, "r_C_slowsom2passsom": 0.07500000000000001, "r_C_slowsom2soil_microbe": 0.07500000000000001, "r_C_soil_microbe2passsom": 0.8999999999999999, "r_C_soil_microbe2slowsom": 0.9450000000000001, "r_C_surface_microbe2slowsom": 0.8999999999999999, "r_C_wood2abvmetlit": 0.00017099999999999998, "r_C_wood2abvstrlit": 0.00017099999999999998, "r_C_abvstrlit_rh": 0.0013295454545454546, "r_C_abvmetlit_rh": 0.00370005, "r_C_belowstrlit_rh": 0.0016999499999999998, "r_C_belowmetlit_rh": 0.0042396000000000005, "r_C_surface_microbe_rh": 9.9e-06, "r_C_slowsom_rh": 0.00012000000000000002, "r_C_passsom_rh": 2.0625e-06, "r_C_soil_microbe_rh": 0.00099}