{"beta_leaf": 0.25, "beta_wood": 0.2, "r_C_leaf2abvstrlit": 0.00012749999999999998, "r_C_abvmetlit2surface_microbe": 2.5e-05, "r_C_abvstrlit2slowsom": 2.7000000000000002e-05, "r_C_abvstrlit2surface_microbe": 5e-05, "r_C_belowmetlit2soil_microbe": 0.0005, "r_C_belowstrlit2slowsom": 0.0018, "r_C_belowstrlit2soil_microbe": 0.009, "r_C_leaf2abvmetlit": 0.00012749999999999998, "r_C_passsom2soil_microbe": 0.0025, "r_C_root2belowmetlit": 3.5785e-05, "r_C_root2belowstrlit": 3.3679999999999996e-05, "r_C_slowsom2passsom": 0.025, "r_C_slowsom2soil_microbe": 0.025, "r_C_soil_microbe2passsom": 0.3, "r_C_soil_microbe2slowsom": 0.315, "r_C_surface_microbe2slowsom": 0.3, "r_C_wood2abvmetlit": 5.6999999999999996e-05, "r_C_wood2abvstrlit": 5.6999999999999996e-05, "r_C_abvstrlit_rh": 0.0004431818181818182, "r_C_abvmetlit_rh": 0.00123335, "r_C_belowstrlit_rh": 0.0005666499999999999, "r_C_belowmetlit_rh": 0.0014132, "r_C_surface_microbe_rh": 3.3e-06, "r_C_slowsom_rh": 4e-05, "r_C_passsom_rh": 6.875e-07, "r_C_soil_microbe_rh": 0.00033}