{
  "beta_leaf": 0.5,
  "beta_wood": 0.4,
  "r_C_leaf2abvstrlit": 0.00025499999999999996,
  "r_C_abvmetlit2surface_microbe": 5e-05,
  "r_C_abvstrlit2slowsom": 5.4000000000000005e-05,
  "r_C_abvstrlit2surface_microbe": 0.0001,
  "r_C_belowmetlit2soil_microbe": 0.001,
  "r_C_belowstrlit2slowsom": 0.0036,
  "r_C_belowstrlit2soil_microbe": 0.018,
  "r_C_leaf2abvmetlit": 0.00025499999999999996,
  "r_C_passsom2soil_microbe": 0.005,
  "r_C_root2belowmetlit": 7.157e-05,
  "r_C_root2belowstrlit": 6.735999999999999e-05,
  "r_C_slowsom2passsom": 0.05,
  "r_C_slowsom2soil_microbe": 0.05,
  "r_C_soil_microbe2passsom": 0.6,
  "r_C_soil_microbe2slowsom": 0.63,
  "r_C_surface_microbe2slowsom": 0.6,
  "r_C_wood2abvmetlit": 0.00011399999999999999,
  "r_C_wood2abvstrlit": 0.00011399999999999999,
  "r_C_abvstrlit_rh": 0.0008863636363636364,
  "r_C_abvmetlit_rh": 0.0024667,
  "r_C_belowstrlit_rh": 0.0011332999999999998,
  "r_C_belowmetlit_rh": 0.0028264,
  "r_C_surface_microbe_rh": 6.6e-06,
  "r_C_slowsom_rh": 8e-05,
  "r_C_passsom_rh": 1.375e-06,
  "r_C_soil_microbe_rh": 0.00066
}
