{
  "cLitter_0": 0.8491694830525016,
  "cSoil_0": 9.173385644195054,
  "cRoot_0": 0.9203423435928187,
  "cVeg_0": 4.4098101914258985,
  "npp_0": 0.0008782018573598104,
  "rh_0": 0.0008449696501799638,
  "number_of_months": 1240
}
