{
  "cLitter_0": 1.0498477921448048,
  "cSoil_0": 11.349983541789614,
  "cRoot_0": 1.2531923059905539,
  "cVeg_0": 5.955136549932714,
  "npp_0": 0.0010480772407795785,
  "rh_0": 0.0010317573412405646,
  "number_of_months": 1440
}