{
  "beta_leaf": 1,
  "beta_wood": 1,
  "r_C_leaf2abvstrlit": 0.025499999999999995,
  "r_C_abvmetlit2surface_microbe": 0.005,
  "r_C_abvstrlit2slowsom": 0.0054,
  "r_C_abvstrlit2surface_microbe": 0.01,
  "r_C_belowmetlit2soil_microbe": 0.1,
  "r_C_belowstrlit2slowsom": 0.36,
  "r_C_belowstrlit2soil_microbe": 1.7999999999999998,
  "r_C_leaf2abvmetlit": 0.025499999999999995,
  "r_C_passsom2soil_microbe": 0.5,
  "r_C_root2belowmetlit": 0.007156999999999999,
  "r_C_root2belowstrlit": 0.006735999999999999,
  "r_C_slowsom2passsom": 5.0,
  "r_C_slowsom2soil_microbe": 5.0,
  "r_C_soil_microbe2passsom": 60.0,
  "r_C_soil_microbe2slowsom": 63.0,
  "r_C_surface_microbe2slowsom": 60.0,
  "r_C_wood2abvmetlit": 0.011399999999999999,
  "r_C_wood2abvstrlit": 0.011399999999999999,
  "r_C_abvstrlit_rh": 0.08863636363636364,
  "r_C_abvmetlit_rh": 0.24667,
  "r_C_belowstrlit_rh": 0.11332999999999999,
  "r_C_belowmetlit_rh": 0.28264,
  "r_C_surface_microbe_rh": 0.00066,
  "r_C_slowsom_rh": 0.008,
  "r_C_passsom_rh": 0.0013750000000000001,
  "r_C_soil_microbe_rh": 0.066,
  "C_leaf_0": 4.4098101914258985,
  "C_abvstrlit_0": 0.8491694830525016,
  "C_abvmetlit_0": 0.8491694830525016,
  "C_blwstrlit_0": 0.8491694830525016,
  "C_surfacemic_0": 9.173385644195054,
  "C_soilmic_0": 9.173385644195054,
  "C_slow_0": 9.173385644195054
}