{
  "beta_leaf": 0,
  "beta_wood": 0,
  "r_C_leaf2abvstrlit": 2.5499999999999997e-06,
  "r_C_abvmetlit2surface_microbe": 5e-07,
  "r_C_abvstrlit2slowsom": 5.4e-07,
  "r_C_abvstrlit2surface_microbe": 1e-06,
  "r_C_belowmetlit2soil_microbe": 1e-05,
  "r_C_belowstrlit2slowsom": 3.6e-05,
  "r_C_belowstrlit2soil_microbe": 0.00017999999999999998,
  "r_C_leaf2abvmetlit": 2.5499999999999997e-06,
  "r_C_passsom2soil_microbe": 5e-05,
  "r_C_root2belowmetlit": 7.157e-07,
  "r_C_root2belowstrlit": 6.735999999999999e-07,
  "r_C_slowsom2passsom": 0.0005,
  "r_C_slowsom2soil_microbe": 0.0005,
  "r_C_soil_microbe2passsom": 0.006,
  "r_C_soil_microbe2slowsom": 0.0063,
  "r_C_surface_microbe2slowsom": 0.006,
  "r_C_wood2abvmetlit": 1.1399999999999999e-06,
  "r_C_wood2abvstrlit": 1.1399999999999999e-06,
  "r_C_abvstrlit_rh": 8.863636363636365e-06,
  "r_C_abvmetlit_rh": 2.4667e-05,
  "r_C_belowstrlit_rh": 1.1332999999999998e-05,
  "r_C_belowmetlit_rh": 2.8264000000000002e-05,
  "r_C_surface_microbe_rh": 6.600000000000001e-08,
  "r_C_slowsom_rh": 8.000000000000001e-07,
  "r_C_passsom_rh": 1.375e-07,
  "r_C_soil_microbe_rh": 6.6e-06,
  "C_leaf_0": 0,
  "C_abvstrlit_0": 0,
  "C_abvmetlit_0": 0,
  "C_blwstrlit_0": 0,
  "C_surfacemic_0": 0,
  "C_soilmic_0": 0,
  "C_slow_0": 0
}