{
  "c_leaf_0": 0.8455287672095493,
  "c_wood_0": 3.8150242587758654,
  "c_DPM_0": 0.020464796142398982,
  "c_RPM_0": 2.11671436965308,
  "c_BIO_0": 0.04028011381481838,
  "beta_leaf": 0.35292763478729094,
  "beta_wood": 0.30091605763135665,
  "Mw": 0.10082051995646306,
  "Ms": 527.0231173651072,
  "Topt": 18.438922997682017,
  "Tcons": 47.84980827189405,
  "r_c_DPM_rh": 0.08220188220979802,
  "r_c_RPM_rh": 0.0009689803131955565,
  "r_c_BIO_rh": 0.00399521821244309,
  "r_c_HUM_rh": 3.7935825934420305e-05,
  "r_c_leaf_2_c_DPM": 1.4060031210190788e-5,
  "r_c_leaf_2_c_RPM": 2.737347996203081e-5,
  "r_c_wood_2_c_DPM": 2.284892615903192e-5,
  "r_c_wood_2_c_RPM": 3.434451416014347e-5,
  "r_c_root_2_c_DPM": 1.21869815493892866e-4,
  "r_c_root_2_c_RPM": 0.0005421810729599501,
  "r_c_DPM_2_c_BIO": 0.0012313247479258645,
  "r_c_DPM_2_c_HUM": 0.003069222106850228,
  "r_c_RPM_2_c_BIO": 2.5938134090122403e-05,
  "r_c_RPM_2_c_HUM": 0.00025317450561938767,
  "r_c_BIO_2_c_HUM": 2.653671454545288e-05,
  "r_c_HUM_2_c_BIO": 1.7930094835482853e-05
}
