{
  "c_leaf_0": 0.0008455287672095493,
  "c_wood_0": 0.0038150242587758655,
  "c_DPM_0": 2.046479614239898e-05,
  "c_RPM_0": 0.0021167143696530803,
  "c_BIO_0": 4.0280113814818376e-05,
  "beta_leaf": 0.00035292763478729093,
  "beta_wood": 0.00030091605763135664,
  "Mw": 0.05041025997823153,
  "Ms": 263.5115586825536,
  "Topt": 9.219461498841008,
  "Tcons": 23.924904135947024,
  "r_c_DPM_rh": 0.04110094110489901,
  "r_c_RPM_rh": 0.0004844901565977783,
  "r_c_BIO_rh": 0.001997609106221545,
  "r_c_HUM_rh": 1.8967912967210153e-05,
  "r_c_leaf_2_c_DPM": 7.030015605095394e-06,
  "r_c_leaf_2_c_RPM": 1.3686739981015405e-05,
  "r_c_wood_2_c_DPM": 1.142446307951596e-05,
  "r_c_wood_2_c_RPM": 1.7172257080071736e-05,
  "r_c_root_2_c_DPM": 6.0934907746946434e-05,
  "r_c_root_2_c_RPM": 0.00027109053647997506,
  "r_c_DPM_2_c_BIO": 0.0006156623739629322,
  "r_c_DPM_2_c_HUM": 0.001534611053425114,
  "r_c_RPM_2_c_BIO": 1.2969067045061201e-05,
  "r_c_RPM_2_c_HUM": 0.00012658725280969383,
  "r_c_BIO_2_c_HUM": 1.326835727272644e-05,
  "r_c_HUM_2_c_BIO": 8.965047417741427e-06
}
