{
  "c_leaf_0": 7.6092750209841675,
  "c_wood_0": 34.33303504569865,
  "c_DPM_0": 3.0597519555312633,
  "c_RPM_0": 316.47620072935246,
  "c_BIO_0": 6.022398471811251,
  "beta_leaf": 0.5293914521809364,
  "beta_wood": 0.451374086447035,
  "Mw": 0.15123077993469458,
  "Ms": 790.5346760476607,
  "Topt": 27.658384496523027,
  "Tcons": 71.77471240784106,
  "r_c_DPM_rh": 0.12330282331469702,
  "r_c_RPM_rh": 0.0014534704697933348,
  "r_c_BIO_rh": 0.0059928273186646355,
  "r_c_HUM_rh": 5.6903738901630454e-05,
  "r_c_leaf_2_c_DPM": 2.1090046815286182e-05,
  "r_c_leaf_2_c_RPM": 4.1060219943046214e-05,
  "r_c_wood_2_c_DPM": 3.4273389238547876e-05,
  "r_c_wood_2_c_RPM": 5.1516771240215205e-05,
  "r_c_root_2_c_DPM": 0.0001828047232408393,
  "r_c_root_2_c_RPM": 0.0008132716094399251,
  "r_c_DPM_2_c_BIO": 0.0018469871218887968,
  "r_c_DPM_2_c_HUM": 0.0046038331602753415,
  "r_c_RPM_2_c_BIO": 3.890720113518361e-05,
  "r_c_RPM_2_c_HUM": 0.0003797617584290815,
  "r_c_BIO_2_c_HUM": 3.980507181817932e-05,
  "r_c_HUM_2_c_BIO": 2.689514225322428e-05
}
