{
	"beta_leaf": 0.6,
	"beta_wood": 0.25,
	"T_0": 2,
	"E": 6.5,
	"KM": 10,
	"r_C_leaf_litter_rh": 0.000415110004151100,
	"r_C_wood_litter_rh": 0.000124533001245330,
	"r_C_root_litter_rh": 0.000122042341220423,
	"r_C_soil_fast_rh": 0.000152207001522070,
	"r_C_soil_slow_rh": 2.73972602739726e-5,
	"r_C_soil_passive_rh": 7.82778864970646e-6,
	"r_C_leaf_2_C_leaf_litter": 0.00833333333333333,
	"r_C_wood_2_C_wood_litter": 9.13242009132420e-5,
	"r_C_root_2_C_root_litter": 0.000124533001245330,
	"r_C_leaf_litter_2_C_soil_fast": 0.000340390203403902,
	"r_C_leaf_litter_2_C_soil_slow": 5.81154005811540e-5,
	"r_C_leaf_litter_2_C_soil_passive": 1.66044001660440e-5,
	"r_C_wood_litter_2_C_soil_fast": 7.47198007471980e-5,
	"r_C_wood_litter_2_C_soil_slow": 2.98879202988792e-5,
	"r_C_wood_litter_2_C_soil_passive": 1.99252801992528e-5,
	"r_C_root_litter_2_C_soil_fast": 7.47198007471980e-5,
	"r_C_root_litter_2_C_soil_slow": 3.48692403486924e-5,
	"r_C_root_litter_2_C_soil_passive": 1.74346201743462e-5
}
