{
	 "C_leaf": 0.051828761170322826,
	 "C_wood": 1.970572690329994,
	 "C_root": 2.3766521105300296,
	 "C_leaf_litter": 0.1202311902470766,
	 "C_wood_litter": 0.2225433197876749,
	 "C_root_litter": 0.1995841579294176,
	 "C_soil_fast": 1.7309510511856925,
	 "C_soil_slow": 2.4435101360092473,
	 "C_soil_passive": 6.775249535045325
 }
